Number of comments,Sentiment,Method of analysis,Comment id,Comment,Sum
77,Negatives,Textblob,1,My neighbor has a Black Lives matter sign in her front yard. Some crazy lady parks in the middle of the street and starts screaming ÒWhite Lives MatterÓ for half an hour. Had to put the hose on her.,359
77,Negatives,Textblob,2,"Armed counter protesters show up and explain media bias. Why are Confederates not asked why they show up armed, but we are?",822
33,Negatives,Textblob,3,Still relevant - this was posted on Twitter 7/29/2020,739
12,Negatives,Textblob,4,ItÕs never too late,311
22,Negatives,Textblob,5,This is the one,487
32,Negatives,Textblob,6,Help spread this,1122
33,Negatives,Textblob,7,This dude started a racist group on fb then once everyone posted something racist he screenshot it and sent it to their employers ______,
41,Negatives,Textblob,8,This is sad BLM,
15,Negatives,Textblob,9,Our new banner (in a VERY conservative town),
17,Negatives,Textblob,10,Sad that this even has to be done.,
176,Positives,Textblob,1,My neighbor has a Black Lives matter sign in her front yard. Some crazy lady parks in the middle of the street and starts screaming ÒWhite Lives MatterÓ for half an hour. Had to put the hose on her.,
234,Positives,Textblob,2,"Armed counter protesters show up and explain media bias. Why are Confederates not asked why they show up armed, but we are?",
73,Positives,Textblob,3,Still relevant - this was posted on Twitter 7/29/2020,
37,Positives,Textblob,4,ItÕs never too late,
46,Positives,Textblob,5,This is the one,
36,Positives,Textblob,6,Help spread this,
69,Positives,Textblob,7,This dude started a racist group on fb then once everyone posted something racist he screenshot it and sent it to their employers ______,
58,Positives,Textblob,8,This is sad BLM,
59,Positives,Textblob,9,Our new banner (in a VERY conservative town),
34,Positives,Textblob,10,Sad that this even has to be done.,
170,Neutral,Textblob,1,My neighbor has a Black Lives matter sign in her front yard. Some crazy lady parks in the middle of the street and starts screaming ÒWhite Lives MatterÓ for half an hour. Had to put the hose on her.,
148,Neutral,Textblob,2,"Armed counter protesters show up and explain media bias. Why are Confederates not asked why they show up armed, but we are?",
85,Neutral,Textblob,3,Still relevant - this was posted on Twitter 7/29/2020,
22,Neutral,Textblob,4,ItÕs never too late,
43,Neutral,Textblob,5,This is the one,
46,Neutral,Textblob,6,Help spread this,
83,Neutral,Textblob,7,This dude started a racist group on fb then once everyone posted something racist he screenshot it and sent it to their employers ______,
73,Neutral,Textblob,8,This is sad BLM,
34,Neutral,Textblob,9,Our new banner (in a VERY conservative town),
35,Neutral,Textblob,10,Sad that this even has to be done.,
68,Negatives,Vlader,11,My neighbor has a Black Lives matter sign in her front yard. Some crazy lady parks in the middle of the street and starts screaming ÒWhite Lives MatterÓ for half an hour. Had to put the hose on her.,
73,Negatives,Vlader,12,"Armed counter protesters show up and explain media bias. Why are Confederates not asked why they show up armed, but we are?",
23,Negatives,Vlader,13,Still relevant - this was posted on Twitter 7/29/2020,
8,Negatives,Vlader,14,ItÕs never too late,
20,Negatives,Vlader,15,This is the one,
22,Negatives,Vlader,16,Help spread this,
32,Negatives,Vlader,17,This dude started a racist group on fb then once everyone posted something racist he screenshot it and sent it to their employers ______,
40,Negatives,Vlader,18,This is sad BLM,
14,Negatives,Vlader,19,Our new banner (in a VERY conservative town),
11,Negatives,Vlader,20,Sad that this even has to be done.,
129,Positives,Vlader,11,My neighbor has a Black Lives matter sign in her front yard. Some crazy lady parks in the middle of the street and starts screaming ÒWhite Lives MatterÓ for half an hour. Had to put the hose on her.,
110,Positives,Vlader,12,"Armed counter protesters show up and explain media bias. Why are Confederates not asked why they show up armed, but we are?",
47,Positives,Vlader,13,Still relevant - this was posted on Twitter 7/29/2020,
27,Positives,Vlader,14,ItÕs never too late,
30,Positives,Vlader,15,This is the one,
24,Positives,Vlader,16,Help spread this,
41,Positives,Vlader,17,This dude started a racist group on fb then once everyone posted something racist he screenshot it and sent it to their employers ______,
27,Positives,Vlader,18,This is sad BLM,
37,Positives,Vlader,19,Our new banner (in a VERY conservative town),
15,Positives,Vlader,20,Sad that this even has to be done.,
226,Neutral,Vlader,11,My neighbor has a Black Lives matter sign in her front yard. Some crazy lady parks in the middle of the street and starts screaming ÒWhite Lives MatterÓ for half an hour. Had to put the hose on her.,
276,Neutral,Vlader,12,"Armed counter protesters show up and explain media bias. Why are Confederates not asked why they show up armed, but we are?",
121,Neutral,Vlader,13,Still relevant - this was posted on Twitter 7/29/2020,
36,Neutral,Vlader,14,ItÕs never too late,
61,Neutral,Vlader,15,This is the one,
68,Neutral,Vlader,16,Help spread this,
112,Neutral,Vlader,17,This dude started a racist group on fb then once everyone posted something racist he screenshot it and sent it to their employers ______,
105,Neutral,Vlader,18,This is sad BLM,
57,Neutral,Vlader,19,Our new banner (in a VERY conservative town),
60,Neutral,Vlader,20,Sad that this even has to be done.,
