Number of comments,Sentiment,Method of analysis
77,Negatives,Textblob
77,Negatives,Textblob
33,Negatives,Textblob
12,Negatives,Textblob
22,Negatives,Textblob
32,Negatives,Textblob
33,Negatives,Textblob
41,Negatives,Textblob
15,Negatives,Textblob
17,Negatives,Textblob
57,Negatives,Textblob
29,Negatives,Textblob
27,Negatives,Textblob
14,Negatives,Textblob
81,Negatives,Textblob
20,Negatives,Textblob
21,Negatives,Textblob
13,Negatives,Textblob
176,Positives,Textblob
234,Positives,Textblob
73,Positives,Textblob
37,Positives,Textblob
46,Positives,Textblob
36,Positives,Textblob
69,Positives,Textblob
58,Positives,Textblob
59,Positives,Textblob
34,Positives,Textblob
53,Positives,Textblob
43,Positives,Textblob
57,Positives,Textblob
16,Positives,Textblob
84,Positives,Textblob
21,Positives,Textblob
31,Positives,Textblob
17,Positives,Textblob
170,Neutral,Textblob
148,Neutral,Textblob
85,Neutral,Textblob
22,Neutral,Textblob
43,Neutral,Textblob
46,Neutral,Textblob
83,Neutral,Textblob
73,Neutral,Textblob
34,Neutral,Textblob
35,Neutral,Textblob
83,Neutral,Textblob
43,Neutral,Textblob
36,Neutral,Textblob
16,Neutral,Textblob
84,Neutral,Textblob
24,Neutral,Textblob
27,Neutral,Textblob
27,Neutral,Textblob
68,Negatives,Vlader
73,Negatives,Vlader
23,Negatives,Vlader
8,Negatives,Vlader
20,Negatives,Vlader
22,Negatives,Vlader
32,Negatives,Vlader
40,Negatives,Vlader
14,Negatives,Vlader
11,Negatives,Vlader
43,Negatives,Vlader
21,Negatives,Vlader
15,Negatives,Vlader
11,Negatives,Vlader
78,Negatives,Vlader
18,Negatives,Vlader
20,Negatives,Vlader
8,Negatives,Vlader
129,Positives,Vlader
110,Positives,Vlader
47,Positives,Vlader
27,Positives,Vlader
30,Positives,Vlader
24,Positives,Vlader
41,Positives,Vlader
27,Positives,Vlader
37,Positives,Vlader
15,Positives,Vlader
25,Positives,Vlader
21,Positives,Vlader
34,Positives,Vlader
11,Positives,Vlader
37,Positives,Vlader
11,Positives,Vlader
7,Positives,Vlader
22,Positives,Vlader
226,Neutral,Vlader
276,Neutral,Vlader
121,Neutral,Vlader
36,Neutral,Vlader
61,Neutral,Vlader
68,Neutral,Vlader
112,Neutral,Vlader
105,Neutral,Vlader
57,Neutral,Vlader
60,Neutral,Vlader
125,Neutral,Vlader
73,Neutral,Vlader
71,Neutral,Vlader
24,Neutral,Vlader
134,Neutral,Vlader
36,Neutral,Vlader
52,Neutral,Vlader
27,Neutral,Vlader